{
    "loss": 9.243475914001465,
    "accuracy": 0.5467625856399536
}